Provider,IPv4,IPv6,PreviousIPv4,PreviousIPv6,IPv4Change%,IPv6Change%,Status,Source,Errors
aws,5378,1530,5375,1527,0.06,0.2,OK,official+cloud-ip-ranges+RIPE RIS+RouteViews+IPVerse+RIPE routing-status+RIPEstat,0
cloudflare,719,126,718,126,0.14,0.0,OK,official+cloud-ip-ranges+sw.ext.io+RIPEstat+RIPE RIS+RouteViews+IPVerse+RIPE routing-status,0
hetzner,4136,430,4136,430,0.0,0.0,OK,cloud-ip-ranges+RIPEstat+RIPE RIS+RouteViews+IPVerse+RIPE routing-status,0
ovh,2675,403,2675,403,0.0,0.0,OK,cloud-ip-ranges+RIPEstat+RIPE RIS+RouteViews+IPVerse+RIPE routing-status,0
akamai,357,250,356,250,0.28,0.0,FILTERED,cloud-ip-ranges+RIPEstat+RIPE RIS+RouteViews+IPVerse+RIPE routing-status,0
digitalocean,232,14,232,14,0.0,0.0,OK,official+cloud-ip-ranges+RIPEstat+RIPE RIS+RouteViews+IPVerse+RIPE routing-status,0
microsoft,993,136,992,136,0.1,0.0,OK,cloud-ip-ranges+RIPEstat+RIPE RIS+RouteViews+IPVerse+RIPE routing-status,0
oracle,1207,320,1207,320,0.0,0.0,KEEP_OLD_PARTIAL,official+RIPEstat+RIPE RIS+RouteViews+IPVerse+RIPE routing-status,1
alibaba,680,193,680,193,0.0,0.0,OK,cloud-ip-ranges+RIPEstat+RIPE RIS+RouteViews+IPVerse+RIPE routing-status,0
cdn77,189,33,189,33,0.0,0.0,OK,RIPEstat+RIPE RIS+RouteViews+IPVerse+RIPE routing-status,0
fastly,48,42,48,41,0.0,2.44,OK,official+cloud-ip-ranges+RIPEstat+RIPE RIS+RouteViews+IPVerse,0
melbicom,100,18,100,18,0.0,0.0,OK,RIPEstat+RIPE RIS+RouteViews+IPVerse+RIPE routing-status,0
buyvm,23,27,23,27,0.0,0.0,OK,RIPEstat+RIPE RIS+RouteViews+IPVerse+RIPE routing-status,0
vultr,774,1690,764,1669,1.31,1.26,OK,RIPEstat+RIPE RIS+RouteViews+IPVerse,0
contabo,250,2,250,2,0.0,0.0,OK,RIPEstat+RIPE RIS+RouteViews+IPVerse+RIPE routing-status,0
scaleway,11,1,11,1,0.0,0.0,OK,official+cloud-ip-ranges+RIPEstat+RIPE RIS+RouteViews+IPVerse+RIPE routing-status,0
gcore,526,227,525,227,0.19,0.0,FILTERED,official+cloud-ip-ranges+RIPEstat+RIPE RIS+RouteViews+IPVerse+RIPE routing-status,0
backblaze,6,1,6,1,0.0,0.0,OK,static+cloud-ip-ranges,0
telegram,8,4,8,4,0.0,0.0,OK,official+RIPEstat+RIPE RIS+RouteViews+IPVerse+RIPE routing-status,0
twitter,11,4,11,4,0.0,0.0,OK,RIPEstat+RIPE RIS+RouteViews+IPVerse+RIPE routing-status,0
